date,County,PUIsTotal,Age_0_4,Age_5_14,Age_15_24,Age_25_34,Age_35_44,Age_45_54,Age_55_64,Age_65_74,Age_75_84,Age_85plus,Age_Unkn,PUIAgeMedian,PUIFemale,PUIMale,PUISexUnkn,PUIFLRes,PUINotFLRes,PUIFLResOut,PUIContNo,PUIContUnkn,PUIAgeAvrg,PUITravelNo,PUITravelYes,TPositive,TNegative,TInconc,TPending,T_Total_Res,T_LabPrivate_Res,T_LabDOH_Res,T_LabPrivate_NonRes,T_LabDOH_NonRes,C_Female,C_Male,C_SexUnkn,C_AllResTypes,C_Age_0_4,C_Age_5_14,C_Age_15_24,C_Age_25_34,C_Age_35_44,C_Age_45_54,C_Age_55_64,C_Age_65_74,C_Age_75_84,C_Age_85plus,C_Age_Unkn,C_AgeRange,C_AgeMedian,C_RaceWhite,C_RaceBlack,C_RaceOther,C_RaceUnknown,C_HispanicYES,C_HispanicNO,C_HispanicUnk,C_EDYes_Res,C_EDYes_NonRes,C_HospYes_Res,C_HospYes_NonRes,C_NonResDeaths,C_FLResDeaths,CasesAll,C_Men,C_Women,C_FLRes,C_NotFLRes,C_FLResOut,T_NegRes,T_NegNotFLRes,T_total,T_negative,T_positive,Deaths,EverMon,MonNow,NewPos,NewNeg,NewTested,NewPercPos,MedianAge
2020-12-05,Palm Beach,136135,2468,5525,16356,19856,18356,19749,20357,15802,10408,5649,1609,47,72936,62691,508,134598,1535,2,15355,89295,465,49779,1687,67736,67837,147,415,134044,66011,915,798,12,34477,32193,256,66926,1052,2996,11272,12436,10518,10250,8709,5008,3202,2239,54,0 to 106,40,30139,9535,11268,15984,17852,31681,17393,6397,83,4557,57,25,1719,67736,32620,34829,66924,810,2,451708,724,520804,452432,67736,1719,26543,26280,617,8464,9081,0.0679440590243365,40
2021-01-20,Palm Beach,172509,3546,9013,21614,25793,23634,25028,24984,18729,12135,6423,1610,45,92214,79588,707,170243,2264,2,22760,99999,465,72509,2795,99378,72504,142,485,169623,96735,1056,1572,16,50845,46488,458,97791,1661,5277,15779,18053,15313,14994,12953,7627,4680,2984,58,0 to 107,40,47583,13524,16616,20068,25965,48014,23812,7411,113,5339,75,30,2061,99379,47294,51585,97789,1588,2,560461,0,660576,560461,99379,2061,41150,40891,666,5744,6410,0.10390015600624,40
2021-01-21,Palm Beach,173496,3579,9143,21712,25967,23788,25178,25088,18800,12183,6448,1610,45,92709,80058,729,171190,2304,2,22955,100220,465,73224,2826,100207,72658,142,489,170566,97521,1059,1612,16,51238,46869,473,98580,1684,5358,15852,18207,15445,15130,13050,7693,4720,3011,58,0 to 107,40,47997,13650,16736,20197,26165,48395,24020,7439,114,5364,76,30,2066,100208,47688,51997,98578,1628,2,563125,0,664068,563125,100208,2066,41577,41318,823,10462,11285,0.0729286663712893,40
2021-01-22,Palm Beach,174470,3608,9246,21851,26108,23917,25333,25211,18868,12229,6489,1610,45,93208,80534,728,172124,2344,2,23155,100480,465,73911,2843,101018,72816,142,494,171495,98287,1065,1650,17,51627,47258,467,99352,1703,5409,15954,18342,15557,15269,13170,7754,4754,3049,58,0 to 107,40,48444,13772,16870,20266,26336,48819,24197,7465,116,5386,76,30,2083,101019,48102,52398,99350,1667,2,564341,0,666100,564341,101019,2083,41129,40870,785,6404,7189,0.109194602865489,40
2021-01-23,Palm Beach,175377,3641,9356,21980,26271,24043,25453,25330,18924,12267,6502,1610,45,93666,80973,738,173019,2356,2,23373,100796,465,74534,2855,101830,72905,141,501,172384,99084,1068,1662,17,52029,47646,477,100152,1728,5489,16069,18493,15675,15385,13278,7804,4792,3060,58,0 to 107,40,48832,13905,17032,20383,26573,49210,24369,7489,117,5398,76,30,2093,101831,48497,52806,100150,1679,2,567784,0,670351,567784,101831,2093,41447,41188,793,12693,13486,0.058801720302536,40
2021-01-24,Palm Beach,176012,3656,9424,22018,26370,24144,25552,25435,18982,12308,6513,1610,45,93941,81339,732,173643,2367,2,23500,100958,465,75070,2867,102366,73001,141,504,173005,99607,1069,1674,17,52249,47954,473,100676,1736,5527,16100,18582,15765,15478,13374,7850,4826,3071,58,0 to 107,40,49099,13985,17121,20471,26699,49488,24489,7509,117,5413,76,30,2098,102367,48814,53031,100674,1691,2,569519,0,672621,569519,102367,2098,41642,41383,591,6506,7097,0.0832746230801747,40
2021-01-26,Palm Beach,176654,3677,9496,22103,26472,24231,25645,25534,19026,12336,6524,1610,45,94289,81626,739,174274,2378,2,23638,101176,465,75562,2878,102968,73039,141,506,173634,100185,1081,1685,17,52568,48220,478,101266,1749,5586,16173,18682,15846,15574,13469,7896,4851,3084,58,0 to 107,40,49403,14053,17213,20597,26860,49803,24603,7521,117,5425,76,31,2123,102968,49087,53353,101264,1702,2,571387,0,675092,571387,102968,2123,41791,41532,592,5949,6541,0.0905060388319829,40
2021-01-27,Palm Beach,177293,3688,9578,22173,26557,24330,25756,25622,19080,12368,6531,1610,45,94640,81914,739,174917,2374,2,23763,101303,465,76057,2889,103495,73152,141,505,174277,100713,1083,1682,17,52856,48460,480,101796,1760,5621,16227,18760,15929,15668,13559,7945,4877,3091,58,0 to 107,40,49679,14135,17278,20704,26998,50097,24701,7538,118,5434,77,31,2125,103495,49325,53645,101794,1699,2,572795,0,677027,572795,103495,2125,42077,41818,577,5461,6038,0.0955614441868168,40
2021-01-28,Palm Beach,178724,3736,9769,22323,26799,24519,25987,25806,19178,12417,6581,1609,45,95366,82609,749,176321,2401,2,24070,101639,465,77111,2916,104693,73360,140,531,175656,101858,1110,1704,21,53469,49012,487,102968,1785,5727,16342,18985,16095,15867,13728,8036,4928,3142,58,0 to 107,40,50278,14325,17537,20828,27331,50710,24927,7581,120,5469,79,33,2152,104693,49888,54273,102966,1725,2,576173,0,681605,576173,104693,2152,42733,42474,814,9413,10227,0.0795932335973404,40
2021-01-29,Palm Beach,179648,3766,9883,22485,26939,24657,26111,25899,19244,12453,6601,1610,45,95807,83080,761,177215,2431,2,24285,101836,465,77806,2923,105540,73438,140,530,176551,102655,1130,1733,22,53870,49419,496,103785,1809,5795,16479,19132,16234,15982,13820,8106,4961,3163,59,0 to 107,40,50715,14478,17710,20882,27563,51176,25046,7613,120,5489,80,36,2166,105540,50308,54688,103783,1755,2,577347,0,683625,577347,105540,2166,43102,42843,828,5949,6777,0.122177954847278,40
2021-01-30,Palm Beach,181035,3821,10033,22719,27161,24839,26314,26061,19350,12499,6627,1611,45,96515,83746,774,178577,2456,2,24465,102386,465,78497,2932,106691,73670,139,535,177909,103771,1142,1756,22,54463,49944,506,104913,1836,5896,16667,19327,16395,16160,13966,8200,5001,3184,59,0 to 107,40,51295,14648,17938,21032,27837,51718,25358,7633,120,5499,80,36,2166,106691,50844,55292,104911,1778,2,581747,0,689187,581747,106691,2166,43565,43306,1124,15413,16537,0.067968797242547,40
2021-01-31,Palm Beach,181684,3838,10100,22832,27259,24924,26401,26149,19413,12521,6636,1611,45,96845,84062,777,179212,2470,2,24599,102479,465,79027,2941,107242,73765,138,539,178541,104296,1154,1770,22,54736,50205,509,105450,1849,5940,16749,19421,16475,16232,14045,8256,5023,3193,59,0 to 107,40,51624,14742,18045,21039,28020,52031,25399,7650,121,5507,81,36,2166,107242,51114,55570,105448,1792,2,584449,0,692440,584449,107242,2166,43838,43579,542,9473,10015,0.054118821767349,40
2021-02-01,Palm Beach,182136,3855,10148,22903,27316,24986,26471,26207,19449,12538,6652,1611,45,97081,84270,785,179638,2496,2,24734,102499,465,79445,2950,107619,73831,138,548,178958,104630,1171,1796,22,54926,50362,513,105801,1862,5964,16804,19476,16526,16293,14096,8292,5041,3206,59,0 to 107,40,51791,14797,18096,21117,28114,52210,25477,7662,121,5521,81,37,2167,107619,51282,55774,105799,1818,2,585722,0,694086,585722,107619,2167,44032,43773,349,3967,4316,0.0808619091751622,40
2021-02-02,Palm Beach,182879,3876,10235,23041,27432,25077,26570,26287,19510,12573,6667,1611,45,97460,84631,788,180356,2521,2,24911,102621,465,80035,2964,108173,74010,138,558,179666,105150,1180,1821,22,55191,50625,514,106330,1868,6014,16871,19577,16601,16378,14169,8343,5073,3220,59,0 to 107,40,52099,14890,18160,21181,28220,52548,25562,7686,120,5544,80,39,2199,108173,51559,56050,106328,1843,2,587512,0,696432,587512,108173,2199,44389,44130,527,6199,6726,0.0783526613143027,40
2021-02-03,Palm Beach,183408,3887,10297,23112,27496,25162,26646,26372,19555,12591,6678,1612,45,97745,84875,788,180869,2537,2,25068,102657,465,80538,2978,108585,74123,138,562,180175,105542,1184,1837,22,55411,50800,515,106726,1871,6041,16915,19638,16672,16441,14244,8382,5090,3231,60,0 to 107,40,52328,14960,18224,21214,28336,52811,25579,7708,122,5561,83,39,2212,108585,51742,56279,106724,1859,2,588846,0,698176,588846,108585,2212,44690,44431,397,4786,5183,0.0765965656955431,40
2021-02-04,Palm Beach,184104,3917,10386,23221,27616,25243,26741,26447,19602,12618,6703,1610,45,98098,85219,787,181640,2462,2,25134,103014,465,80880,2984,109219,74169,140,576,180930,106230,1205,1764,20,55782,51140,513,107435,1887,6105,17014,19755,16742,16533,14322,8427,5122,3253,59,0 to 107,40,52755,15084,18375,21221,28519,53245,25671,7743,122,5584,81,40,2238,109219,52048,56609,107433,1784,2,590056,0,700019,590056,109219,2238,44873,44614,624,5728,6352,0.0982367758186398,40
2021-02-05,Palm Beach,185205,3956,10552,23388,27768,25403,26886,26582,19677,12660,6723,1610,45,98681,85733,791,182720,2483,2,25365,103277,465,81607,2997,110108,74388,138,571,182017,107081,1223,1781,23,56246,51539,519,108304,1916,6193,17143,19903,16873,16655,14446,8491,5158,3271,59,0 to 107,40,53188,15243,18554,21319,28738,53753,25813,7794,122,5620,81,41,2249,110108,52458,57080,108302,1804,2,593378,0,704231,593378,110108,2249,45165,44906,845,13336,14181,0.0595867710316621,40
2021-02-06,Palm Beach,185874,3978,10636,23488,27864,25497,26985,26665,19732,12691,6728,1610,45,99021,86053,800,183371,2501,2,25555,103348,465,82207,3014,110639,74517,137,581,182659,107580,1237,1799,23,56502,51792,523,108817,1928,6237,17217,19990,16951,16737,14514,8541,5187,3278,59,0 to 107,40,53478,15343,18632,21364,28855,54110,25852,7837,123,5637,81,41,2249,110639,52717,57344,108815,1822,2,595209,0,706599,595209,110639,2249,45437,45178,519,7076,7595,0.0683344305464121,40
2021-02-07,Palm Beach,186358,3993,10694,23559,27944,25564,27050,26717,19771,12715,6741,1610,45,99272,86286,800,183840,2516,2,25673,103447,465,82562,3021,111024,74613,137,584,183125,107944,1245,1812,23,56697,51971,521,109189,1934,6270,17269,20059,17013,16791,14558,8572,5208,3291,59,0 to 107,40,53751,15414,18700,21324,28976,54350,25863,7882,124,5668,82,41,2250,111024,52899,57548,109187,1835,2,597284,0,709062,597284,111024,2250,45577,45318,377,6641,7018,0.0537190082644628,40
2021-02-08,Palm Beach,186819,4006,10750,23619,28010,25625,27132,26784,19805,12732,6746,1610,45,99500,86516,803,184294,2523,2,25778,103536,465,82923,3034,111437,74661,137,584,183579,108336,1257,1821,23,56900,52169,524,109593,1942,6310,17322,20122,17072,16863,14618,8607,5226,3296,59,0 to 107,40,53959,15478,18802,21354,29087,54592,25914,7891,124,5677,82,41,2269,111437,53104,57753,109591,1844,2,599123,0,711313,599123,111437,2269,45776,45517,399,5515,5914,0.0674670273926277,40
2021-02-09,Palm Beach,187310,4024,10820,23692,28077,25688,27207,26852,19842,12744,6754,1610,45,99770,86737,803,184774,2534,2,25901,103615,465,83307,3045,111816,74771,137,586,184057,108694,1267,1832,23,57091,52344,526,109961,1949,6341,17374,20182,17130,16924,14677,8639,5237,3304,59,0 to 107,40,54167,15541,18841,21412,29178,54799,25984,7917,128,5693,87,42,2277,111816,53287,57949,109959,1855,2,600467,0,713036,600467,111816,2277,46027,45768,376,4591,4967,0.0756996174753372,40
2021-02-10,Palm Beach,187953,4050,10892,23781,28186,25785,27301,26929,19889,12765,6765,1610,45,100094,87058,801,185407,2544,2,26032,103801,465,83730,3056,112367,74864,137,585,184691,109217,1285,1843,22,57356,52619,527,110502,1962,6376,17451,20285,17220,17012,14751,8681,5257,3313,59,0 to 107,40,54482,15633,18939,21448,29318,55093,26091,7948,128,5708,88,42,2294,112367,53566,58223,110500,1865,2,602381,0,715501,602381,112367,2294,46264,46005,545,6945,7490,0.0727636849132176,40
2021-02-11,Palm Beach,188694,4075,10997,23925,28296,25887,27402,27007,19927,12793,6775,1610,45,100473,87418,803,186139,2553,2,26205,103972,465,84247,3066,112964,74998,137,595,185413,109789,1301,1852,22,57662,52902,526,111090,1974,6427,17556,20386,17314,17097,14824,8723,5279,3325,59,0 to 107,40,54841,15743,19051,21455,29475,55484,26131,7986,128,5744,88,42,2302,112964,53856,58532,111088,1874,2,604656,0,718377,604656,112964,2302,46533,46274,588,9320,9908,0.0593459830440048,40
2021-02-12,Palm Beach,189318,4101,11084,24014,28390,25964,27492,27079,19981,12822,6780,1611,45,100824,87687,807,186747,2569,2,26306,104181,465,84636,3068,113457,75129,137,595,186021,110255,1313,1867,22,57931,53107,530,111568,1993,6477,17612,20460,17384,17172,14895,8770,5303,3331,60,0 to 107,40,55126,15811,19145,21486,29600,55743,26225,8021,128,5773,88,42,2315,113457,54068,58809,111566,1889,2,606593,0,720805,606593,113457,2315,46750,46491,505,7434,7939,0.0636100264516942,40
2021-02-13,Palm Beach,190090,4122,11186,24137,28508,26090,27586,27176,20034,12848,6792,1611,45,101238,88049,803,187519,2569,2,26448,104379,465,85151,3076,114083,75265,136,606,186783,110872,1322,1868,21,58274,53391,529,112194,2004,6531,17706,20568,17501,17251,14977,8815,5328,3342,60,0 to 107,40,55466,15912,19261,21555,29744,56105,26345,8049,130,5798,88,42,2322,114083,54349,59159,112192,1889,2,608760,0,723599,608760,114083,2322,47066,46807,620,7424,8044,0.0770760815514669,40
2021-02-14,Palm Beach,190552,4135,11239,24198,28594,26166,27637,27247,20064,12860,6801,1611,45,101486,88257,809,187967,2583,2,26562,104471,465,85512,3084,114467,75342,136,607,187230,111242,1323,1881,21,58474,53556,535,112565,2012,6568,17759,20644,17555,17300,15038,8841,5338,3352,60,0 to 107,40,55687,15976,19323,21579,29845,56349,26371,8070,130,5807,89,42,2322,114467,54520,59365,112563,1902,2,610494,0,725719,610494,114467,2322,47211,46952,383,5348,5731,0.0668295236433432,40
2021-02-15,Palm Beach,190939,4153,11284,24247,28639,26206,27709,27305,20101,12875,6809,1611,45,101690,88434,815,188351,2586,2,26661,104536,465,85869,3092,114800,75395,136,608,187613,111572,1323,1884,21,58646,53713,536,112895,2022,6599,17805,20682,17595,17365,15089,8872,5351,3360,60,0 to 107,40,55858,16029,19358,21650,29921,56549,26425,8085,132,5822,89,42,2349,114800,54677,59538,112893,1905,2,611444,0,727007,611444,114800,2349,47343,47084,334,3205,3539,0.0943769426391636,40
2021-02-16,Palm Beach,191387,4169,11332,24300,28705,26271,27784,27363,20129,12900,6823,1611,45,101912,88656,819,188790,2595,2,26779,104570,465,86272,3094,115145,75492,136,614,188046,111901,1330,1893,21,58813,53880,538,113231,2030,6625,17842,20740,17640,17426,15141,8894,5372,3375,60,0 to 107,40,56059,16082,19409,21681,29998,56746,26487,8115,132,5837,89,42,2355,115145,54847,59708,113229,1914,2,612650,0,728561,612650,115145,2355,47600,47341,350,5998,6348,0.0551354757403907,40
2021-02-17,Palm Beach,192166,4180,11441,24407,28830,26399,27910,27444,20181,12925,6838,1611,45,102352,88999,815,189554,2610,2,26909,104836,465,86742,3105,115794,75616,136,620,188804,112519,1346,1908,21,59154,54172,539,113865,2042,6684,17927,20857,17746,17539,15216,8943,5393,3387,60,0 to 107,40,56443,16167,19539,21716,30177,57072,26616,8140,132,5861,89,43,2362,115794,55150,60058,113863,1929,2,615049,0,731608,615049,115794,2362,47874,47615,647,7744,8391,0.0771064235490406,40
2021-02-18,Palm Beach,192705,4199,11503,24493,28906,26488,27984,27510,20214,12941,6856,1611,44,102646,89235,824,190086,2617,2,27082,104829,465,87279,3117,116209,75731,136,629,189327,112921,1352,1915,21,59373,54352,548,114273,2050,6716,17988,20920,17821,17593,15273,8975,5410,3403,60,0 to 107,40,56657,16231,19593,21792,30263,57317,26693,8166,133,5875,90,43,2383,116209,55332,60282,114271,1936,2,616664,0,733639,616664,116209,2383,48257,47998,409,6167,6576,0.0621958637469586,40
2021-02-19,Palm Beach,193291,4218,11595,24579,28994,26573,28059,27593,20252,12953,6865,1610,44,102967,89501,823,190663,2626,2,27155,105032,465,87623,3125,116685,75840,135,631,189903,113380,1360,1924,21,59628,54567,545,114740,2065,6762,18053,21002,17893,17664,15348,9006,5423,3410,59,0 to 107,40,56915,16308,19694,21823,30381,57571,26788,8189,133,5892,90,43,2394,116685,55553,60539,114738,1945,2,618456,0,735916,618456,116685,2394,48464,48205,472,7247,7719,0.0611478170747506,40
2021-02-20,Palm Beach,193976,4247,11703,24688,29090,26675,28136,27678,20299,12971,6880,1609,44,103309,89831,836,191335,2639,2,27305,105198,465,88146,3134,117231,75973,135,637,190570,113908,1367,1935,21,59893,54825,557,115275,2075,6816,18137,21095,17982,17726,15425,9056,5439,3422,58,0 to 107,40,57229,16400,19780,21866,30496,57894,26885,8208,133,5901,90,43,2394,117231,55817,60809,115273,1956,2,620775,0,738787,620775,117231,2394,48764,48505,533,8865,9398,0.0567141945094701,40
2021-02-21,Palm Beach,194359,4259,11747,24740,29156,26737,28188,27733,20319,12979,6892,1609,44,103515,90004,840,191707,2650,2,27414,105233,465,88474,3138,117559,76028,135,637,190942,114224,1368,1946,21,60058,54973,561,115592,2082,6847,18178,21157,18041,17766,15473,9075,5447,3435,58,0 to 107,40,57445,16454,19840,21853,30609,58116,26867,8219,133,5914,91,43,2394,117559,55973,60976,115590,1967,2,622436,0,740774,622436,117559,2394,48920,48661,316,5089,5405,0.0584643848288622,40
2021-02-22,Palm Beach,194702,4266,11783,24791,29196,26792,28241,27773,20354,12997,6900,1609,44,103688,90172,842,192043,2657,2,27498,105305,465,88757,3139,117842,76086,135,639,191276,114500,1369,1952,21,60196,55109,564,115869,2087,6876,18225,21197,18080,17808,15509,9100,5461,3441,58,0 to 107,40,57606,16497,19881,21885,30679,58249,26941,8233,133,5928,91,43,2412,117842,56115,61115,115867,1973,2,623748,0,742368,623748,117842,2412,49024,48765,279,3883,4162,0.0670350792888035,40
2021-02-23,Palm Beach,195119,4275,11842,24859,29243,26851,28315,27815,20392,13011,6907,1609,44,103903,90374,842,192455,2662,2,27591,105353,465,89057,3144,118151,76184,135,649,191678,114801,1372,1957,21,60350,55261,562,116173,2092,6895,18277,21235,18124,17866,15546,9135,5475,3448,58,0 to 107,40,57810,16545,19918,21900,30755,58449,26969,8250,133,5933,90,44,2414,118151,56267,61273,116171,1978,2,625028,0,743952,625028,118151,2414,49284,49025,313,4515,4828,0.0648301574150787,40
2021-02-24,Palm Beach,195949,4302,11941,25010,29396,26969,28426,27903,20443,13034,6914,1611,44,104318,90780,851,193264,2683,2,27688,105770,465,89411,3151,118853,76314,135,647,192489,115468,1387,1977,21,60694,55593,568,116855,2115,6948,18384,21382,18229,17970,15634,9181,5494,3456,60,0 to 107,40,58180,16646,20062,21967,30937,58818,27100,8262,134,5944,90,45,2428,118853,56612,61624,116853,1998,2,627677,0,747301,627677,118853,2428,49547,49288,693,9185,9878,0.0701559020044543,40
2021-02-25,Palm Beach,196645,4324,12024,25139,29514,27065,28524,27986,20471,13056,6930,1612,44,104686,91097,862,193951,2692,2,27863,105850,465,90039,3158,119373,76489,134,649,193175,115973,1393,1986,21,60963,55827,576,117366,2131,6986,18474,21482,18309,18044,15705,9205,5509,3467,61,0 to 107,40,58481,16741,20166,21978,31125,59122,27119,8283,134,5965,90,45,2443,119373,56853,61896,117364,2007,2,629935,0,750080,629935,119373,2443,49875,49616,509,8733,9242,0.055074659164683,40
2021-02-26,Palm Beach,197304,4342,12117,25241,29614,27162,28619,28074,20506,13077,6940,1612,44,105021,91409,874,194602,2700,2,28033,105963,465,90567,3166,119911,76605,134,654,193821,116499,1397,1994,21,61231,56079,586,117896,2143,7030,18557,21574,18394,18126,15785,9237,5528,3476,61,0 to 107,40,58806,16816,20260,22014,31226,59455,27215,8310,133,5991,89,44,2454,119911,57109,62168,117894,2015,2,632047,0,752728,632047,119911,2454,50229,49970,534,8935,9469,0.056394550638927,40
2021-02-27,Palm Beach,197803,4352,12186,25322,29687,27226,28702,28139,20541,13087,6949,1612,44,105287,91637,879,195091,2710,2,28142,106015,465,90964,3172,120322,76693,134,654,194310,116892,1405,2004,21,61450,56256,591,118297,2148,7068,18623,21639,18453,18191,15843,9273,5538,3485,61,0 to 107,40,59046,16886,20331,22034,31339,59673,27285,8326,134,6000,90,44,2455,120322,57292,62391,118295,2025,2,633904,0,754996,633904,120322,2455,50553,50294,409,6646,7055,0.0579730687455705,40
2021-02-28,Palm Beach,198270,4370,12261,25393,29770,27298,28762,28186,20561,13103,6954,1612,44,105526,91867,877,195550,2718,2,28182,106267,465,91127,3178,120735,76745,135,655,194767,117294,1408,2012,21,61661,56451,590,118702,2163,7119,18673,21721,18524,18251,15888,9292,5554,3489,61,0 to 107,40,59279,16959,20401,22063,31440,59901,27361,8336,134,6012,90,44,2457,120735,57492,62605,118700,2033,2,635717,0,757222,635717,120735,2457,50639,50380,405,6295,6700,0.0604477611940299,40
2021-03-01,Palm Beach,198453,4376,12285,25417,29788,27320,28800,28208,20578,13113,6956,1612,44,105610,91969,874,195731,2720,2,28287,106166,465,91433,3179,120868,76794,136,655,194947,117426,1407,2014,21,61725,56522,586,118833,2165,7130,18687,21739,18543,18281,15905,9305,5560,3492,61,0 to 107,40,59360,16988,20426,22059,31477,60007,27349,8352,135,6020,91,45,2480,120868,57565,62669,118831,2035,2,636276,0,757912,636276,120868,2480,50738,50479,142,1899,2041,0.0695737383635473,40
2021-03-02,Palm Beach,198914,4391,12353,25483,29856,27387,28852,28279,20603,13132,6966,1612,44,105839,92197,878,196184,2728,2,28388,106240,465,91825,3188,121226,76890,136,662,195393,117770,1413,2022,21,61907,56687,589,119183,2172,7161,18742,21802,18602,18321,15965,9325,5574,3501,61,0 to 107,40,59575,17041,20490,22077,31563,60238,27382,8376,135,6041,91,45,2486,121226,57735,62854,119181,2043,2,637803,0,759799,637803,121226,2486,51002,50743,348,6080,6428,0.0541381456129434,40
2021-03-03,Palm Beach,199465,4418,12421,25578,29939,27457,28932,28349,20635,13155,6970,1611,44,106120,92476,869,196720,2743,2,28475,106303,465,92235,3198,121652,77024,135,654,195938,118178,1418,2035,21,62125,56890,581,119596,2179,7198,18807,21873,18659,18391,16029,9356,5595,3505,60,0 to 107,40,59828,17115,20565,22088,31658,60508,27430,8404,135,6058,92,45,2490,121652,57945,63078,119594,2056,2,639138,0,761567,639138,121652,2490,51274,51015,394,5754,6148,0.0640858815875081,40
2021-03-04,Palm Beach,200163,4437,12498,25711,30063,27552,29016,28447,20683,13170,6975,1611,44,106475,92819,869,197400,2761,2,28587,106528,465,92701,3208,122226,77147,134,656,196617,118731,1421,2053,21,62397,57173,582,120152,2189,7239,18907,21987,18741,18468,16118,9396,5611,3510,60,0 to 107,40,60184,17180,20675,22113,31782,60839,27531,8422,135,6069,92,45,2498,122226,58237,63359,120150,2074,2,641561,0,764560,641561,122226,2498,51489,51230,561,8742,9303,0.0603031280232183,40
2021-03-05,Palm Beach,200770,4456,12585,25804,30154,27645,29104,28523,20711,13190,6987,1611,44,106791,93104,875,197999,2769,2,28701,106684,465,93120,3215,122709,77274,134,653,197219,119199,1428,2061,21,62639,57400,588,120627,2199,7283,18979,22066,18818,18548,16187,9420,5629,3520,60,0 to 107,40,60468,17242,20747,22170,31901,61118,27608,8442,137,6090,93,45,2510,122709,58472,63601,120625,2082,2,643518,0,766996,643518,122709,2510,51762,51503,475,8511,8986,0.0528600044513688,40
2021-03-06,Palm Beach,201209,4472,12649,25853,30222,27717,29173,28581,20739,13202,6990,1611,44,107009,93324,876,198428,2779,2,28800,106729,465,93464,3223,123033,77377,134,665,197636,119509,1432,2071,21,62799,57553,589,120941,2205,7311,19011,22132,18878,18594,16233,9447,5638,3524,60,0 to 107,40,60671,17294,20816,22160,31993,61296,27652,8458,137,6098,93,45,2508,123033,58632,63765,120939,2092,2,645173,0,768979,645173,123033,2508,52009,51750,324,6968,7292,0.0444322545255074,40
2021-03-07,Palm Beach,201624,4487,12689,25917,30301,27771,29240,28637,20763,13217,6991,1611,44,107211,93537,876,198830,2792,2,28878,106887,465,93718,3229,123304,77512,134,674,198030,119777,1431,2075,21,62932,57687,589,121208,2212,7337,19052,22188,18911,18640,16269,9463,5648,3524,60,0 to 107,40,60833,17323,20874,22178,32067,61454,27687,8460,137,6098,93,46,2510,123304,58768,63900,121206,2096,2,646585,0,770660,646585,123304,2510,52114,51855,283,4869,5152,0.0549301242236025,40
2021-03-08,Palm Beach,201868,4496,12712,25951,30341,27813,29277,28673,20772,13223,6999,1611,44,107340,93655,873,199071,2795,2,28931,106931,465,93933,3231,123520,77542,134,672,198273,119990,1431,2078,21,63036,57798,587,121421,2216,7353,19082,22227,18954,18675,16301,9470,5653,3529,60,0 to 107,40,60951,17358,20920,22192,32117,61577,27727,8463,137,6102,93,46,2522,123520,58880,64006,121419,2099,2,647713,0,772005,647713,123520,2522,52206,51947,230,3703,3933,0.0584795321637427,40
2021-03-09,Palm Beach,202208,4512,12767,26007,30380,27865,29318,28721,20791,13229,7006,1612,44,107519,93816,873,199406,2800,2,29016,106968,465,94211,3234,123778,77619,135,676,198603,120238,1435,2084,21,63165,57921,587,121673,2223,7371,19119,22266,19002,18715,16343,9485,5660,3534,60,0 to 107,40,61099,17398,20958,22218,32186,61747,27740,8479,138,6116,95,46,2523,123778,59006,64138,121671,2105,2,648770,0,773318,648770,123778,2523,52390,52131,255,4068,4323,0.0589868147120056,40
2021-03-10,Palm Beach,202747,4535,12834,26090,30469,27937,29389,28805,20820,13246,7010,1612,44,107802,94066,879,199936,2809,2,29077,107173,465,94525,3243,124230,77706,134,677,199133,120663,1453,2093,21,63392,58132,592,122116,2229,7408,19186,22349,19069,18786,16422,9508,5676,3537,60,0 to 107,40,61351,17439,21052,22274,32272,61973,27871,8507,138,6134,96,46,2528,124230,59223,64367,122114,2114,2,650657,0,775654,650657,124230,2528,52533,52274,448,7597,8045,0.0556867619639528,40
2021-03-11,Palm Beach,203248,4555,12902,26174,30566,28003,29457,28861,20839,13264,7015,1612,44,108054,94307,887,200424,2822,2,29182,107282,465,94894,3251,124636,77797,134,681,199617,121054,1455,2106,21,63592,58316,601,122509,2240,7443,19256,22440,19121,18847,16472,9525,5691,3541,60,0 to 107,40,61568,17494,21146,22301,32353,62220,27936,8541,139,6152,97,46,2535,124636,59412,64575,122507,2127,2,652675,0,778080,652675,124636,2535,52748,52489,400,7612,8012,0.0499251123315027,40
2021-03-12,Palm Beach,203811,4573,12975,26266,30666,28086,29536,28931,20866,13279,7019,1614,44,108328,94586,897,200972,2837,2,29293,107426,465,95288,3265,125085,77911,134,681,200165,121478,1465,2121,21,63806,58527,610,122943,2250,7482,19329,22527,19192,18912,16536,9548,5702,3545,62,0 to 107,40,61796,17572,21216,22359,32447,62471,28025,8566,140,6180,98,46,2545,125085,59630,64797,122941,2142,2,654609,0,780464,654609,125085,2545,53011,52752,432,8008,8440,0.0511848341232227,40
2021-03-13,Palm Beach,204349,4589,13055,26359,30746,28161,29611,29001,20896,13290,7028,1613,44,108624,94813,912,201501,2846,2,29382,107585,465,95662,3273,125506,78027,134,682,200694,121887,1469,2129,21,64043,58688,625,123356,2259,7521,19405,22608,19253,18977,16588,9570,5711,3553,61,0 to 107,40,62027,17613,21306,22410,32541,62682,28133,8578,140,6187,98,46,2545,125506,59797,65036,123354,2150,2,656704,0,782984,656704,125506,2545,53231,52972,414,7673,8087,0.0511932731544454,40
2021-03-14,Palm Beach,204778,4604,13115,26445,30796,28207,29683,29056,20928,13297,7033,1614,44,108837,95008,933,201927,2849,2,29469,107670,465,95980,3281,125866,78094,134,684,201118,122240,1473,2132,21,64232,58836,645,123713,2268,7550,19479,22651,19298,19042,16639,9602,5718,3557,62,0 to 107,40,62205,17652,21407,22449,32638,62860,28215,8588,141,6191,99,46,2546,125866,59946,65226,123711,2153,2,658165,0,784800,658165,125866,2546,53380,53121,366,5111,5477,0.0668249041446047,40
2021-03-15,Palm Beach,205011,4612,13142,26481,30832,28248,29730,29075,20938,13304,7035,1614,44,108969,95103,939,202154,2855,2,29511,107690,465,96184,3286,126062,78130,133,686,201344,122427,1476,2138,21,64338,58914,651,123903,2269,7567,19514,22684,19335,19085,16655,9609,5724,3558,62,0 to 107,40,62315,17678,21439,22471,32700,62958,28245,8600,140,6199,100,46,2569,126062,60027,65335,123901,2159,2,658973,0,785805,658973,126062,2569,53471,53212,195,2728,2923,0.0667122819021553,40
2021-03-16,Palm Beach,205366,4624,13186,26550,30876,28303,29785,29120,20953,13318,7039,1612,44,109154,95261,951,202500,2864,2,29579,107783,465,96443,3291,126355,78194,133,684,201692,122708,1480,2147,20,64476,59049,663,124188,2276,7595,19559,22727,19389,19133,16697,9621,5737,3562,59,0 to 107,40,62475,17708,21478,22527,32766,63107,28315,8623,141,6217,101,46,2576,126355,60165,65479,124186,2167,2,660117,0,787244,660117,126355,2576,53636,53377,295,4339,4634,0.0636599050496331,40
2021-03-17,Palm Beach,205818,4632,13232,26634,30944,28365,29861,29179,20984,13333,7042,1612,44,109378,95480,960,202942,2874,2,29662,107950,465,96732,3296,126729,78269,133,687,202131,123059,1492,2158,20,64658,59221,672,124551,2279,7634,19618,22787,19436,19194,16758,9648,5751,3565,59,0 to 107,40,62686,17751,21573,22541,32844,63302,28405,8647,141,6232,101,47,2586,126729,60344,65665,124549,2178,2,661602,0,789102,661602,126729,2586,53823,53564,367,6540,6907,0.0531345012306356,40
2021-03-18,Palm Beach,206272,4654,13284,26715,31001,28443,29914,29252,21005,13341,7051,1612,44,109596,95701,975,203385,2885,2,29747,108056,465,97060,3309,127111,78334,133,694,202567,123426,1496,2169,20,64834,59402,686,124922,2293,7661,19682,22842,19508,19245,16828,9662,5759,3572,59,0 to 107,40,62895,17791,21648,22588,32919,63492,28511,8665,142,6248,103,48,2594,127111,60533,65844,124920,2189,2,663259,0,791138,663259,127111,2594,53994,53735,377,7102,7479,0.0504078085305522,40
2021-03-19,Palm Beach,206708,4667,13320,26798,31077,28508,29978,29310,21028,13352,7058,1612,44,109816,95916,976,203815,2891,2,29829,108181,465,97348,3318,127491,78389,133,695,202996,123791,1505,2175,20,65031,59576,689,125296,2300,7685,19745,22920,19571,19308,16877,9682,5766,3578,59,0 to 107,40,63118,17837,21726,22615,33007,63682,28607,8684,143,6270,104,48,2595,127491,60710,66044,125294,2195,2,664718,0,792975,664718,127491,2595,54142,53883,376,7419,7795,0.0482360487491982,40
2021-03-20,Palm Beach,207129,4684,13358,26881,31141,28577,30051,29362,21046,13358,7059,1612,44,110008,96140,981,204224,2903,2,29928,108245,465,97679,3324,127830,78467,133,699,203401,124115,1508,2187,20,65179,59750,694,125623,2309,7707,19807,22978,19629,19368,16920,9701,5772,3580,59,0 to 107,40,63305,17874,21813,22631,33099,63878,28646,8698,145,6278,105,49,2596,127830,60893,66195,125621,2207,2,666275,0,794871,666275,127830,2596,54306,54047,327,5883,6210,0.0526570048309179,40
2021-03-21,Palm Beach,207484,4691,13392,26948,31209,28625,30097,29419,21063,13364,7064,1612,44,110200,96303,981,204553,2929,2,29983,108395,465,97872,3324,128154,78498,133,699,203730,124410,1511,2213,20,65346,59880,695,125921,2315,7728,19865,23044,19674,19411,16977,9719,5777,3585,59,0 to 107,40,63467,17905,21885,22664,33154,64029,28738,8702,146,6280,106,49,2596,128154,61037,66373,125919,2233,2,667567,0,796493,667567,128154,2596,54398,54139,300,4624,4924,0.0609260763606824,40
2021-03-22,Palm Beach,207694,4701,13414,26990,31247,28650,30121,29445,21081,13367,7066,1612,44,110312,96401,981,204753,2939,2,30045,108395,465,98070,3326,128321,78538,133,702,203927,124568,1510,2223,20,65422,59961,695,126078,2318,7738,19898,23078,19697,19431,17004,9732,5779,3587,59,0 to 107,40,63555,17931,21891,22701,33206,64101,28771,8706,146,6289,107,49,2598,128321,61123,66454,126076,2243,2,668239,0,797331,668239,128321,2598,54511,54252,167,2494,2661,0.0627583615182262,40
2021-03-23,Palm Beach,208056,4712,13452,27054,31307,28703,30179,29493,21097,13372,7075,1612,44,110506,96564,986,205110,2944,2,30119,108495,465,98281,3338,128620,78593,133,710,204275,124857,1515,2228,20,65583,60089,700,126372,2324,7765,19949,23130,19739,19481,17048,9746,5784,3595,59,0 to 107,40,63730,17963,21956,22723,33280,64266,28826,8721,147,6297,108,49,2602,128620,61253,66618,126370,2248,2,669444,0,798837,669444,128620,2602,54640,54381,300,4567,4867,0.0616396137250873,40
2021-03-24,Palm Beach,208565,4731,13513,27140,31388,28775,30274,29554,21119,13381,7078,1612,44,110763,96813,989,205611,2952,2,30175,108737,465,98535,3354,129029,78689,133,714,204772,125255,1518,2236,20,65791,60278,704,126773,2333,7804,20023,23202,19804,19563,17094,9762,5789,3596,59,0 to 107,40,63969,17997,22054,22753,33344,64481,28948,8737,147,6301,108,49,2603,129029,61448,66828,126771,2256,2,671015,0,800812,671015,129029,2603,54767,54508,406,6787,7193,0.0564437647713054,40
2021-03-25,Palm Beach,209139,4751,13584,27248,31493,28881,30333,29624,21142,13390,7081,1612,44,111076,97067,996,206174,2963,2,30343,108770,465,99078,3383,129478,78816,134,711,205337,125689,1523,2246,20,66016,60484,712,127212,2347,7841,20108,23292,19892,19614,17152,9782,5794,3597,59,0 to 107,40,64245,18051,22137,22779,33465,64738,29009,8754,148,6313,109,52,2626,129478,61657,67059,127210,2266,2,672769,0,803020,672769,129478,2626,54976,54717,449,7238,7687,0.0584103031091453,40
